drop_id,param_id,drop_cols,oof_auc,best_iters,params
3,3,issue_time|record_time|history_time|diff_issue_record_days|diff_record_history_days|first_tx_days_ago|last_tx_days_ago,0.647449,576,"{""iterations"": 6000, ""learning_rate"": 0.025, ""depth"": 6, ""l2_leaf_reg"": 12, ""bootstrap_type"": ""Bernoulli"", ""subsample"": 0.7, ""rsm"": 0.8, ""random_strength"": 2.0, ""loss_function"": ""Logloss"", ""eval_metric"": ""AUC"", ""one_hot_max_size"": 10, ""verbose"": false}"
2,3,issue_time|record_time|history_time|diff_issue_record_days|diff_record_history_days,0.647336,517,"{""iterations"": 6000, ""learning_rate"": 0.025, ""depth"": 6, ""l2_leaf_reg"": 12, ""bootstrap_type"": ""Bernoulli"", ""subsample"": 0.7, ""rsm"": 0.8, ""random_strength"": 2.0, ""loss_function"": ""Logloss"", ""eval_metric"": ""AUC"", ""one_hot_max_size"": 10, ""verbose"": false}"
3,2,issue_time|record_time|history_time|diff_issue_record_days|diff_record_history_days|first_tx_days_ago|last_tx_days_ago,0.646415,460,"{""iterations"": 5000, ""learning_rate"": 0.03, ""depth"": 5, ""l2_leaf_reg"": 12, ""bootstrap_type"": ""Bernoulli"", ""subsample"": 0.7, ""rsm"": 0.8, ""random_strength"": 2.0, ""loss_function"": ""Logloss"", ""eval_metric"": ""AUC"", ""one_hot_max_size"": 10, ""verbose"": false}"
2,2,issue_time|record_time|history_time|diff_issue_record_days|diff_record_history_days,0.646359,498,"{""iterations"": 5000, ""learning_rate"": 0.03, ""depth"": 5, ""l2_leaf_reg"": 12, ""bootstrap_type"": ""Bernoulli"", ""subsample"": 0.7, ""rsm"": 0.8, ""random_strength"": 2.0, ""loss_function"": ""Logloss"", ""eval_metric"": ""AUC"", ""one_hot_max_size"": 10, ""verbose"": false}"
3,1,issue_time|record_time|history_time|diff_issue_record_days|diff_record_history_days|first_tx_days_ago|last_tx_days_ago,0.645861,361,"{""iterations"": 5000, ""learning_rate"": 0.03, ""depth"": 6, ""l2_leaf_reg"": 9, ""bootstrap_type"": ""Bernoulli"", ""subsample"": 0.75, ""rsm"": 0.8, ""random_strength"": 1.5, ""loss_function"": ""Logloss"", ""eval_metric"": ""AUC"", ""one_hot_max_size"": 10, ""verbose"": false}"
1,3,issue_time|record_time|history_time,0.645179,538,"{""iterations"": 6000, ""learning_rate"": 0.025, ""depth"": 6, ""l2_leaf_reg"": 12, ""bootstrap_type"": ""Bernoulli"", ""subsample"": 0.7, ""rsm"": 0.8, ""random_strength"": 2.0, ""loss_function"": ""Logloss"", ""eval_metric"": ""AUC"", ""one_hot_max_size"": 10, ""verbose"": false}"
1,1,issue_time|record_time|history_time,0.644572,425,"{""iterations"": 5000, ""learning_rate"": 0.03, ""depth"": 6, ""l2_leaf_reg"": 9, ""bootstrap_type"": ""Bernoulli"", ""subsample"": 0.75, ""rsm"": 0.8, ""random_strength"": 1.5, ""loss_function"": ""Logloss"", ""eval_metric"": ""AUC"", ""one_hot_max_size"": 10, ""verbose"": false}"
2,1,issue_time|record_time|history_time|diff_issue_record_days|diff_record_history_days,0.643458,528,"{""iterations"": 5000, ""learning_rate"": 0.03, ""depth"": 6, ""l2_leaf_reg"": 9, ""bootstrap_type"": ""Bernoulli"", ""subsample"": 0.75, ""rsm"": 0.8, ""random_strength"": 1.5, ""loss_function"": ""Logloss"", ""eval_metric"": ""AUC"", ""one_hot_max_size"": 10, ""verbose"": false}"
1,2,issue_time|record_time|history_time,0.643445,589,"{""iterations"": 5000, ""learning_rate"": 0.03, ""depth"": 5, ""l2_leaf_reg"": 12, ""bootstrap_type"": ""Bernoulli"", ""subsample"": 0.7, ""rsm"": 0.8, ""random_strength"": 2.0, ""loss_function"": ""Logloss"", ""eval_metric"": ""AUC"", ""one_hot_max_size"": 10, ""verbose"": false}"
